{
	"start":	{
		"connected":	[{
				"socket":	5,
				"local_host":	"127.0.0.1",
				"local_port":	4040,
				"remote_host":	"127.0.0.1",
				"remote_port":	60200
			}],
		"version":	"iperf 3.9",
		"system_info":	"Linux NAVID 5.9.16-1-MANJARO #1 SMP PREEMPT Mon Dec 21 22:00:46 UTC 2020 x86_64",
		"target_bitrate":	5000000000,
		"timestamp":	{
			"time":	"Thu, 27 May 2021 22:21:17 GMT",
			"timesecs":	1622154077
		},
		"accepted_connection":	{
			"host":	"127.0.0.1",
			"port":	47678
		},
		"cookie":	"ym2kyzuqlgbfiwa4m3ud7teytzt2r72tpttz",
		"sock_bufsize":	0,
		"sndbuf_actual":	212992,
		"rcvbuf_actual":	212992,
		"test_start":	{
			"protocol":	"UDP",
			"num_streams":	1,
			"blksize":	32768,
			"omit":	0,
			"duration":	11,
			"bytes":	0,
			"blocks":	0,
			"reverse":	0,
			"tos":	0
		}
	},
	"intervals":	[{
			"streams":	[{
					"socket":	5,
					"start":	0,
					"end":	1.000078,
					"seconds":	1.0000779628753662,
					"bytes":	519798784,
					"bits_per_second":	4158066097.2110987,
					"jitter_ms":	0.012137440467029959,
					"lost_packets":	3208,
					"packets":	19071,
					"lost_percent":	16.821351790676943,
					"omitted":	false,
					"sender":	false
				}],
			"sum":	{
				"start":	0,
				"end":	1.000078,
				"seconds":	1.0000779628753662,
				"bytes":	519798784,
				"bits_per_second":	4158066097.2110987,
				"jitter_ms":	0.012137440467029959,
				"lost_packets":	3208,
				"packets":	19071,
				"lost_percent":	16.821351790676943,
				"omitted":	false,
				"sender":	false
			}
		}, {
			"streams":	[{
					"socket":	5,
					"start":	1.000078,
					"end":	2.000194,
					"seconds":	1.0001159906387329,
					"bytes":	511967232,
					"bits_per_second":	4095262843.8469629,
					"jitter_ms":	0.02101409755182369,
					"lost_packets":	3440,
					"packets":	19064,
					"lost_percent":	18.0444817456987,
					"omitted":	false,
					"sender":	false
				}],
			"sum":	{
				"start":	1.000078,
				"end":	2.000194,
				"seconds":	1.0001159906387329,
				"bytes":	511967232,
				"bits_per_second":	4095262843.8469629,
				"jitter_ms":	0.02101409755182369,
				"lost_packets":	3440,
				"packets":	19064,
				"lost_percent":	18.0444817456987,
				"omitted":	false,
				"sender":	false
			}
		}, {
			"streams":	[{
					"socket":	5,
					"start":	2.000194,
					"end":	3.000052,
					"seconds":	0.999858021736145,
					"bytes":	538443776,
					"bits_per_second":	4308161873.3431835,
					"jitter_ms":	0.011342235189451919,
					"lost_packets":	2647,
					"packets":	19079,
					"lost_percent":	13.87389276167514,
					"omitted":	false,
					"sender":	false
				}],
			"sum":	{
				"start":	2.000194,
				"end":	3.000052,
				"seconds":	0.999858021736145,
				"bytes":	538443776,
				"bits_per_second":	4308161873.3431835,
				"jitter_ms":	0.011342235189451919,
				"lost_packets":	2647,
				"packets":	19079,
				"lost_percent":	13.87389276167514,
				"omitted":	false,
				"sender":	false
			}
		}, {
			"streams":	[{
					"socket":	5,
					"start":	3.000052,
					"end":	4.000116,
					"seconds":	1.0000640153884888,
					"bytes":	543293440,
					"bits_per_second":	4346069304.6850615,
					"jitter_ms":	0.14374401524776009,
					"lost_packets":	2486,
					"packets":	19066,
					"lost_percent":	13.038917444665897,
					"omitted":	false,
					"sender":	false
				}],
			"sum":	{
				"start":	3.000052,
				"end":	4.000116,
				"seconds":	1.0000640153884888,
				"bytes":	543293440,
				"bits_per_second":	4346069304.6850615,
				"jitter_ms":	0.14374401524776009,
				"lost_packets":	2486,
				"packets":	19066,
				"lost_percent":	13.038917444665897,
				"omitted":	false,
				"sender":	false
			}
		}, {
			"streams":	[{
					"socket":	5,
					"start":	4.000116,
					"end":	5.000101,
					"seconds":	0.9999849796295166,
					"bytes":	500367360,
					"bits_per_second":	4002999006.5281229,
					"jitter_ms":	0.19198422693038691,
					"lost_packets":	3786,
					"packets":	19056,
					"lost_percent":	19.867758186397985,
					"omitted":	false,
					"sender":	false
				}],
			"sum":	{
				"start":	4.000116,
				"end":	5.000101,
				"seconds":	0.9999849796295166,
				"bytes":	500367360,
				"bits_per_second":	4002999006.5281229,
				"jitter_ms":	0.19198422693038691,
				"lost_packets":	3786,
				"packets":	19056,
				"lost_percent":	19.867758186397985,
				"omitted":	false,
				"sender":	false
			}
		}, {
			"streams":	[{
					"socket":	5,
					"start":	5.000101,
					"end":	6.000124,
					"seconds":	1.0000230073928833,
					"bytes":	559677440,
					"bits_per_second":	4477316508.6200237,
					"jitter_ms":	0.012701775878717349,
					"lost_packets":	2015,
					"packets":	19095,
					"lost_percent":	10.552500654621628,
					"omitted":	false,
					"sender":	false
				}],
			"sum":	{
				"start":	5.000101,
				"end":	6.000124,
				"seconds":	1.0000230073928833,
				"bytes":	559677440,
				"bits_per_second":	4477316508.6200237,
				"jitter_ms":	0.012701775878717349,
				"lost_packets":	2015,
				"packets":	19095,
				"lost_percent":	10.552500654621628,
				"omitted":	false,
				"sender":	false
			}
		}, {
			"streams":	[{
					"socket":	5,
					"start":	6.000124,
					"end":	7.000046,
					"seconds":	0.999921977519989,
					"bytes":	536084480,
					"bits_per_second":	4289010479.2343831,
					"jitter_ms":	0.026480554091549178,
					"lost_packets":	2708,
					"packets":	19068,
					"lost_percent":	14.20180406964548,
					"omitted":	false,
					"sender":	false
				}],
			"sum":	{
				"start":	6.000124,
				"end":	7.000046,
				"seconds":	0.999921977519989,
				"bytes":	536084480,
				"bits_per_second":	4289010479.2343831,
				"jitter_ms":	0.026480554091549178,
				"lost_packets":	2708,
				"packets":	19068,
				"lost_percent":	14.20180406964548,
				"omitted":	false,
				"sender":	false
			}
		}, {
			"streams":	[{
					"socket":	5,
					"start":	7.000046,
					"end":	8.000022,
					"seconds":	0.99997597932815552,
					"bytes":	540180480,
					"bits_per_second":	4321547646.4778767,
					"jitter_ms":	0.0424959079580604,
					"lost_packets":	2577,
					"packets":	19062,
					"lost_percent":	13.519043122442556,
					"omitted":	false,
					"sender":	false
				}],
			"sum":	{
				"start":	7.000046,
				"end":	8.000022,
				"seconds":	0.99997597932815552,
				"bytes":	540180480,
				"bits_per_second":	4321547646.4778767,
				"jitter_ms":	0.0424959079580604,
				"lost_packets":	2577,
				"packets":	19062,
				"lost_percent":	13.519043122442556,
				"omitted":	false,
				"sender":	false
			}
		}, {
			"streams":	[{
					"socket":	5,
					"start":	8.000022,
					"end":	9.00017,
					"seconds":	1.0001480579376221,
					"bytes":	531693568,
					"bits_per_second":	4252918865.6038847,
					"jitter_ms":	0.10774160116502005,
					"lost_packets":	2832,
					"packets":	19058,
					"lost_percent":	14.8599013537622,
					"omitted":	false,
					"sender":	false
				}],
			"sum":	{
				"start":	8.000022,
				"end":	9.00017,
				"seconds":	1.0001480579376221,
				"bytes":	531693568,
				"bits_per_second":	4252918865.6038847,
				"jitter_ms":	0.10774160116502005,
				"lost_packets":	2832,
				"packets":	19058,
				"lost_percent":	14.8599013537622,
				"omitted":	false,
				"sender":	false
			}
		}, {
			"streams":	[{
					"socket":	5,
					"start":	9.00017,
					"end":	10.000066,
					"seconds":	0.999895989894867,
					"bytes":	553091072,
					"bits_per_second":	4425188840.35652,
					"jitter_ms":	0.0052400160344309582,
					"lost_packets":	2224,
					"packets":	19103,
					"lost_percent":	11.64215044757368,
					"omitted":	false,
					"sender":	false
				}],
			"sum":	{
				"start":	9.00017,
				"end":	10.000066,
				"seconds":	0.999895989894867,
				"bytes":	553091072,
				"bits_per_second":	4425188840.35652,
				"jitter_ms":	0.0052400160344309582,
				"lost_packets":	2224,
				"packets":	19103,
				"lost_percent":	11.64215044757368,
				"omitted":	false,
				"sender":	false
			}
		}, {
			"streams":	[{
					"socket":	5,
					"start":	10.000066,
					"end":	11.000097,
					"seconds":	1.0000309944152832,
					"bytes":	607322112,