{
	"start":	{
		"connected":	[{
				"socket":	5,
				"local_host":	"127.0.0.1",
				"local_port":	38124,
				"remote_host":	"127.0.0.1",
				"remote_port":	4040
			}],
		"version":	"iperf 3.9",
		"system_info":	"Linux NAVID 5.9.16-1-MANJARO #1 SMP PREEMPT Mon Dec 21 22:00:46 UTC 2020 x86_64",
		"timestamp":	{
			"time":	"Thu, 27 May 2021 13:55:22 GMT",
			"timesecs":	1622123722
		},
		"connecting_to":	{
			"host":	"127.0.0.1",
			"port":	4040
		},
		"cookie":	"bx36hx2jhrxng3bi3xdlqk6hlpsqlvned772",
		"sock_bufsize":	0,
		"sndbuf_actual":	212992,
		"rcvbuf_actual":	212992,
		"test_start":	{
			"protocol":	"UDP",
			"num_streams":	1,
			"blksize":	32768,
			"omit":	0,
			"duration":	11,
			"bytes":	0,
			"blocks":	0,
			"reverse":	0,
			"tos":	0
		}
	},
	"intervals":	[{
			"streams":	[{
					"socket":	5,
					"start":	0,
					"end":	1.000067,
					"seconds":	1.0000669956207275,
					"bytes":	624656384,
					"bits_per_second":	4996916300.4907255,
					"packets":	19063,
					"omitted":	false,
					"sender":	true
				}],
			"sum":	{
				"start":	0,
				"end":	1.000067,
				"seconds":	1.0000669956207275,
				"bytes":	624656384,
				"bits_per_second":	4996916300.4907255,
				"packets":	19063,
				"omitted":	false,
				"sender":	true
			}
		}, {
			"streams":	[{
					"socket":	5,
					"start":	1.000067,
					"end":	2.00011,
					"seconds":	1.0000430345535278,
					"bytes":	624852992,
					"bits_per_second":	4998608823.101038,
					"packets":	19069,
					"omitted":	false,
					"sender":	true
				}],
			"sum":	{
				"start":	1.000067,
				"end":	2.00011,
				"seconds":	1.0000430345535278,
				"bytes":	624852992,
				"bits_per_second":	4998608823.101038,
				"packets":	19069,
				"omitted":	false,
				"sender":	true
			}
		}, {
			"streams":	[{
					"socket":	5,
					"start":	2.00011,
					"end":	3.000111,
					"seconds":	1.0000009536743164,
					"bytes":	625115136,
					"bits_per_second":	5000916318.7545481,
					"packets":	19077,
					"omitted":	false,
					"sender":	true
				}],
			"sum":	{
				"start":	2.00011,
				"end":	3.000111,
				"seconds":	1.0000009536743164,
				"bytes":	625115136,
				"bits_per_second":	5000916318.7545481,
				"packets":	19077,
				"omitted":	false,
				"sender":	true
			}
		}, {
			"streams":	[{
					"socket":	5,
					"start":	3.000111,
					"end":	4.000126,
					"seconds":	1.0000150203704834,
					"bytes":	625115136,
					"bits_per_second":	5000845973.4407482,
					"packets":	19077,
					"omitted":	false,
					"sender":	true
				}],
			"sum":	{
				"start":	3.000111,
				"end":	4.000126,
				"seconds":	1.0000150203704834,
				"bytes":	625115136,
				"bits_per_second":	5000845973.4407482,
				"packets":	19077,
				"omitted":	false,
				"sender":	true
			}
		}, {
			"streams":	[{
					"socket":	5,
					"start":	4.000126,
					"end":	5.000113,
					"seconds":	0.999987006187439,
					"bytes":	624820224,
					"bits_per_second":	4998626743.2189636,
					"packets":	19068,
					"omitted":	false,
					"sender":	true
				}],
			"sum":	{
				"start":	4.000126,
				"end":	5.000113,
				"seconds":	0.999987006187439,
				"bytes":	624820224,
				"bits_per_second":	4998626743.2189636,
				"packets":	19068,
				"omitted":	false,
				"sender":	true
			}
		}, {
			"streams":	[{
					"socket":	5,
					"start":	5.000113,
					"end":	6.000112,
					"seconds":	0.99999898672103882,
					"bytes":	625180672,
					"bits_per_second":	5001450443.86451,
					"packets":	19079,
					"omitted":	false,
					"sender":	true
				}],
			"sum":	{
				"start":	5.000113,
				"end":	6.000112,
				"seconds":	0.99999898672103882,
				"bytes":	625180672,
				"bits_per_second":	5001450443.86451,
				"packets":	19079,
				"omitted":	false,
				"sender":	true
			}
		}, {
			"streams":	[{
					"socket":	5,
					"start":	6.000112,
					"end":	7.000077,
					"seconds":	0.999965012073517,
					"bytes":	624820224,
					"bits_per_second":	4998736687.4317284,
					"packets":	19068,
					"omitted":	false,
					"sender":	true
				}],
			"sum":	{
				"start":	6.000112,
				"end":	7.000077,
				"seconds":	0.999965012073517,
				"bytes":	624820224,
				"bits_per_second":	4998736687.4317284,
				"packets":	19068,
				"omitted":	false,
				"sender":	true
			}
		}, {
			"streams":	[{
					"socket":	5,
					"start":	7.000077,
					"end":	8.000117,
					"seconds":	1.0000400543212891,
					"bytes":	625180672,
					"bits_per_second":	5001245054.52374,
					"packets":	19079,
					"omitted":	false,
					"sender":	true
				}],
			"sum":	{
				"start":	7.000077,
				"end":	8.000117,
				"seconds":	1.0000400543212891,
				"bytes":	625180672,
				"bits_per_second":	5001245054.52374,
				"packets":	19079,
				"omitted":	false,
				"sender":	true
			}
		}, {
			"streams":	[{
					"socket":	5,
					"start":	8.000117,
					"end":	9.000091,
					"seconds":	0.999974012374878,
					"bytes":	624885760,
					"bits_per_second":	4999215997.7512541,
					"packets":	19070,
					"omitted":	false,
					"sender":	true
				}],
			"sum":	{
				"start":	8.000117,
				"end":	9.000091,
				"seconds":	0.999974012374878,
				"bytes":	624885760,
				"bits_per_second":	4999215997.7512541,
				"packets":	19070,
				"omitted":	false,
				"sender":	true
			}
		}, {
			"streams":	[{
					"socket":	5,
					"start":	9.000091,
					"end":	10.000109,
					"seconds":	1.0000180006027222,
					"bytes":	625016832,
					"bits_per_second":	5000044652.1826229,
					"packets":	19074,
					"omitted":	false,
					"sender":	true
				}],
			"sum":	{
				"start":	9.000091,
				"end":	10.000109,
				"seconds":	1.0000180006027222,
				"bytes":	625016832,
				"bits_per_second":	5000044652.1826229,
				"packets":	19074,
				"omitted":	false,
				"sender":	true
			}
		}, {
			"streams":	[{
					"socket":	5,
					"start":	10.000109,
					"end":	11.000166,
					"seconds":	1.0000569820404053,
					"bytes":	625082368,
					"bits_per_second":	5000374012.48598,
					"packets":	19076,
					"omitted":	false,
					"sender":	true
				}],
			"sum":	{
				"start":	10.000109,
				"end":	11.000166,
				"seconds":	1.0000569820404053,
				"bytes":	625082368,
				"bits_per_second":	5000374012.48598,
				"packets":	19076,
				"omitted":	false,
				"sender":	true
			}
		}],
	"end":	{
		"streams":	[{
				"udp":	{
					"socket":	5,
					"start":	0,
					"end":	11.000166,
					"seconds":	11.000166,
					"bytes":	6874726400,
					"bits_per_second":	4999725567.7777948,
					"jitter_ms":	0.0028138976376116012,
					"lost_packets":	6581,
					"packets":	209800,
					"lost_percent":	3.1367969494756913,
					"out_of_order":	0,
					"sender":	true
				}
			}],
		"sum":	{
			"start":	0,
			"end":	11.000234,
			"seconds":	11.000234,
			"bytes":	6874726400,
			"bits_per_second":	4999725567.7777948,
			"jitter_ms":	0.0028138976376116012,
			"lost_packets":	6581,
			"packets":	209800,
			"lost_percent":	3.1367969494756913,
			"sender":	true
		},
		"cpu_utilization_percent":	{
			"host_total":	26.264215012157944,
			"host_user":	2.2837625964374273,
			"host_system":	23.980506943785564,
			"remote_total":	4.4655157338495464,
			"remote_user":	0.787175646023682,
			"remote_system":	3.67833791871829
		}
	}
}
