{
	"start":	{
		"connected":	[{
				"socket":	5,
				"local_host":	"127.0.0.1",
				"local_port":	60200,
				"remote_host":	"127.0.0.1",
				"remote_port":	4040
			}],
		"version":	"iperf 3.9",
		"system_info":	"Linux NAVID 5.9.16-1-MANJARO #1 SMP PREEMPT Mon Dec 21 22:00:46 UTC 2020 x86_64",
		"timestamp":	{
			"time":	"Thu, 27 May 2021 22:21:17 GMT",
			"timesecs":	1622154077
		},
		"connecting_to":	{
			"host":	"127.0.0.1",
			"port":	4040
		},
		"cookie":	"ym2kyzuqlgbfiwa4m3ud7teytzt2r72tpttz",
		"sock_bufsize":	0,
		"sndbuf_actual":	212992,
		"rcvbuf_actual":	212992,
		"test_start":	{
			"protocol":	"UDP",
			"num_streams":	1,
			"blksize":	32768,
			"omit":	0,
			"duration":	11,
			"bytes":	0,
			"blocks":	0,
			"reverse":	0,
			"tos":	0
		}
	},
	"intervals":	[{
			"streams":	[{
					"socket":	5,
					"start":	0,
					"end":	1.000136,
					"seconds":	1.0001360177993774,
					"bytes":	624918528,
					"bits_per_second":	4998668316.13582,
					"packets":	19071,
					"omitted":	false,
					"sender":	true
				}],
			"sum":	{
				"start":	0,
				"end":	1.000136,
				"seconds":	1.0001360177993774,
				"bytes":	624918528,
				"bits_per_second":	4998668316.13582,
				"packets":	19071,
				"omitted":	false,
				"sender":	true
			}
		}, {
			"streams":	[{
					"socket":	5,
					"start":	1.000136,
					"end":	2.000265,
					"seconds":	1.0001289844512939,
					"bytes":	624689152,
					"bits_per_second":	4996868697.6328478,
					"packets":	19064,
					"omitted":	false,
					"sender":	true
				}],
			"sum":	{
				"start":	1.000136,
				"end":	2.000265,
				"seconds":	1.0001289844512939,
				"bytes":	624689152,
				"bits_per_second":	4996868697.6328478,
				"packets":	19064,
				"omitted":	false,
				"sender":	true
			}
		}, {
			"streams":	[{
					"socket":	5,
					"start":	2.000265,
					"end":	3.000036,
					"seconds":	0.999770998954773,
					"bytes":	625278976,
					"bits_per_second":	5003377586.69702,
					"packets":	19082,
					"omitted":	false,
					"sender":	true
				}],
			"sum":	{
				"start":	2.000265,
				"end":	3.000036,
				"seconds":	0.999770998954773,
				"bytes":	625278976,
				"bits_per_second":	5003377586.69702,
				"packets":	19082,
				"omitted":	false,
				"sender":	true
			}
		}, {
			"streams":	[{
					"socket":	5,
					"start":	3.000036,
					"end":	4.000111,
					"seconds":	1.0000749826431274,
					"bytes":	624656384,
					"bits_per_second":	4996876393.00067,
					"packets":	19063,
					"omitted":	false,
					"sender":	true
				}],
			"sum":	{
				"start":	3.000036,
				"end":	4.000111,
				"seconds":	1.0000749826431274,
				"bytes":	624656384,
				"bits_per_second":	4996876393.00067,
				"packets":	19063,
				"omitted":	false,
				"sender":	true
			}
		}, {
			"streams":	[{
					"socket":	5,
					"start":	4.000111,
					"end":	5.000011,
					"seconds":	0.999899983406067,
					"bytes":	625115136,
					"bits_per_second":	5001421313.1245632,
					"packets":	19077,
					"omitted":	false,
					"sender":	true
				}],
			"sum":	{
				"start":	4.000111,
				"end":	5.000011,
				"seconds":	0.999899983406067,
				"bytes":	625115136,
				"bits_per_second":	5001421313.1245632,
				"packets":	19077,
				"omitted":	false,
				"sender":	true
			}
		}, {
			"streams":	[{
					"socket":	5,
					"start":	5.000011,
					"end":	6.000147,
					"seconds":	1.0001360177993774,
					"bytes":	625016832,
					"bits_per_second":	4999454641.18162,
					"packets":	19074,
					"omitted":	false,
					"sender":	true
				}],
			"sum":	{
				"start":	5.000011,
				"end":	6.000147,
				"seconds":	1.0001360177993774,
				"bytes":	625016832,
				"bits_per_second":	4999454641.18162,
				"packets":	19074,
				"omitted":	false,
				"sender":	true
			}
		}, {
			"streams":	[{
					"socket":	5,
					"start":	6.000147,
					"end":	7.000014,
					"seconds":	0.999867022037506,
					"bytes":	624885760,
					"bits_per_second":	4999750936.6925383,
					"packets":	19070,
					"omitted":	false,
					"sender":	true
				}],
			"sum":	{
				"start":	6.000147,
				"end":	7.000014,
				"seconds":	0.999867022037506,
				"bytes":	624885760,
				"bits_per_second":	4999750936.6925383,
				"packets":	19070,
				"omitted":	false,
				"sender":	true
			}
		}, {
			"streams":	[{
					"socket":	5,
					"start":	7.000014,
					"end":	8.000033,
					"seconds":	1.0000189542770386,
					"bytes":	624656384,
					"bits_per_second":	4997156354.5140514,
					"packets":	19063,
					"omitted":	false,
					"sender":	true
				}],
			"sum":	{
				"start":	7.000014,
				"end":	8.000033,
				"seconds":	1.0000189542770386,
				"bytes":	624656384,
				"bits_per_second":	4997156354.5140514,
				"packets":	19063,
				"omitted":	false,
				"sender":	true
			}
		}, {
			"streams":	[{
					"socket":	5,
					"start":	8.000033,
					"end":	9.000082,
					"seconds":	1.0000489950180054,
					"bytes":	624689152,
					"bits_per_second":	4997268374.746,
					"packets":	19064,
					"omitted":	false,
					"sender":	true
				}],
			"sum":	{
				"start":	8.000033,
				"end":	9.000082,
				"seconds":	1.0000489950180054,
				"bytes":	624689152,
				"bits_per_second":	4997268374.746,
				"packets":	19064,
				"omitted":	false,
				"sender":	true
			}
		}, {
			"streams":	[{
					"socket":	5,
					"start":	9.000082,
					"end":	10.000067,
					"seconds":	0.9999849796295166,
					"bytes":	625672192,
					"bits_per_second":	5005452719.7542877,
					"packets":	19094,
					"omitted":	false,
					"sender":	true
				}],
			"sum":	{
				"start":	9.000082,
				"end":	10.000067,
				"seconds":	0.9999849796295166,
				"bytes":	625672192,
				"bits_per_second":	5005452719.7542877,
				"packets":	19094,
				"omitted":	false,
				"sender":	true
			}
		}, {
			"streams":	[{
					"socket":	5,
					"start":	10.000067,
					"end":	11.000102,
					"seconds":	1.0000350475311279,
					"bytes":	625016832,
					"bits_per_second":	4999959419.7665977,
					"packets":	19074,
					"omitted":	false,
					"sender":	true
				}],
			"sum":	{
				"start":	10.000067,
				"end":	11.000102,
				"seconds":	1.0000350475311279,
				"bytes":	625016832,
				"bits_per_second":	4999959419.7665977,
				"packets":	19074,
				"omitted":	false,
				"sender":	true
			}
		}],
	"end":	{
		"streams":	[{
				"udp":	{
					"socket":	5,
					"start":	0,
					"end":	11.000102,
					"seconds":	11.000102,
					"bytes":	6874595328,
					"bits_per_second":	4999659332.6134615,
					"jitter_ms":	0.0027880293745874982,
					"lost_packets":	28463,
					"packets":	209796,
					"lost_percent":	13.566988884440123,
					"out_of_order":	0,
					"sender":	true
				}
			}],
		"sum":	{
			"start":	0,
			"end":	11.000529,
			"seconds":	11.000529,
			"bytes":	6874595328,
			"bits_per_second":	4999659332.6134615,
			"jitter_ms":	0.0027880293745874982,
			"lost_packets":	28463,
			"packets":	209796,
			"lost_percent":	13.566988884440123,
			"sender":	true
		},
		"cpu_utilization_percent":	{
			"host_total":	52.019965085991373,
			"host_user":	6.5747660528855656,
			"host_system":	45.44512635615196,
			"remote_total":	7.4750363657576573,
			"remote_user":	1.7624433714143919,
			"remote_system":	5.7125832919566975
		}
	}
}
